iter	CrossEntropy
0	0.6912799502
1	0.6892851823
